TDSFU Daily run: Mon Oct 27 13:13:48 UTC 2025 TDSFU
TDSFU Daily run: Tue Oct 28 04:35:18 UTC 2025 TDSFU
TDSFU Daily run: Wed Oct 29 04:40:03 UTC 2025 TDSFU
TDSFU Daily run: Thu Oct 30 04:34:42 UTC 2025 TDSFU
TDSFU Daily run: Fri Oct 31 04:36:05 UTC 2025 TDSFU
TDSFU Daily run: Sat Nov  1 04:32:02 UTC 2025 TDSFU
TDSFU Daily run: Sun Nov  2 04:34:44 UTC 2025 TDSFU
TDSFU Daily run: Mon Nov  3 04:40:33 UTC 2025 TDSFU
TDSFU Daily run: Tue Nov  4 04:34:48 UTC 2025 TDSFU
TDSFU Daily run: Wed Nov  5 04:35:27 UTC 2025 TDSFU
TDSFU Daily run: Thu Nov  6 04:40:14 UTC 2025 TDSFU
TDSFU Daily run: Fri Nov  7 04:34:56 UTC 2025 TDSFU
TDSFU Daily run: Sat Nov  8 04:33:47 UTC 2025 TDSFU
